Number,Artist,Title,Album,Year,Date,Lyric,Mood
1,Khalid,Location,American Teen,2016,30/04/2016,send me your location let's focus on communicating 'cause i just need the time and place to come through place to come through send me your location let's ride the vibrations i don't need nothing else but you do not need nothing else but you   at times i wonder why i fool with you but this is new to me this is new to you initially i didn't wanna fall for you gather my attention it was all for you so don't take advantage don't leave my heart damaged i understand that things go a little bit better when you plan it oh so won't   send me your location let's focus on communicating 'cause i just need the time and place to come through send me your location let's ride the vibrations i don't need nothing else but you i don't need nothing else but you   i don't wanna fall in love off of subtweets so let's get personal i got a lot of cool spots that we can go tell me what's the move and i got you i'm only acting like this 'cause i like you just give me the vibe to slide in oh i might make you mine by the night and   send me your location let's focus on communicating 'cause i just need the time and place to come through place to come through send me your location let's ride the vibrations i don't need nothing else but you i don't need nothing else but you   ride ride ride come and vibe with me tonight i don't need nothing else but you i don't need nothing else but you ride ride ride come and vibe with me tonight i don't need nothing else but you nothing else but you do do do do do do oh oh mmm mmm mmm mmm oh oh oh oh oh oh mmm mmm mmm do do do do do do do do do do do do do do do i don't need nothing else but you,Happy
2,Khalid,Better,Suncity,2018,14/09/2018,better nothing baby nothing feels better i'm not really drunk i never get that fucked up i'm not i'm so sober   love to see you shine in the night like the diamond you are love to see you shine in the night like the diamond you are i'm good on the side it's alright just hold me in the dark i'm good on the side it's alright just hold me in the dark no one's gotta know what we do hit me up when you're bored no one's gotta know what we do hit me up when you're bored 'cause i live down the street so we meet when you need and it's yours all i hear is   nothing feels better than this nothing feels better nothing feels better than this nothing feels better oh no we don't gotta hide this is what you like i'll admit nothing feels better than this   you say we're just friends but i swear when nobody's around you say we're just friends but i swear when nobody's around you keep my hand around your neck we connect are you feeling it now you keep my hand around your neck we connect are you feeling it now 'cause i am i got so high the other night i swear to god felt my feet lift the ground i got so high the other night i swear to god i felt my feet lift the ground ooh yeah your back against the wall this is all you've been talking about in my ears   nothing feels better than this nothing feels better nothing feels better than this nothing feels better oh no we don't gotta hide this is what you like i admit nothing feels better than this   now left right left right take it back bring it side to side like that like that ayy ooh now left right left right take it back bring it side to side like   nothing feels better than this nothing feels better nothing feels better than this nothing feels better oh no we don't gotta hide this is what you like i admit nothing feels better than this better than this   nothing feels better than this,Happy
3,Selena Gomez,Back to You,Rare (Target Exclusive),2018,10/05/2018,took you like a shot thought that i could chase you with a cold evenin' let a couple years water down how im feelin' about you feelin' about you and every time we talk every single word builds up to this moment and i gotta convince myself i dont want it even though i do even though i do  pre you could break my heart in two but when it heals it beats for you i know it's forward but it's true   i wanna hold you when i'm not supposed to when i'm lyin' close to someone else you're stuck in my head and i can't get you out of it if i could do it all again i know id go back to you  post i know id go back to you oh i know i'd go back to you   we never got it right playin and replayin' old conversations overthinkin' every word and i hate it 'cause its not me 'cause it's not me 'cause it's not me and what's the point in hidin' everybody knows we got unfinished business and i'll regret it if i didn't say this isn't what it could be isn't what it could be  pre you could break my heart in two but when it heals it beats for you i know it's forward but it's true   i wanna hold you when i'm not supposed to when i'm lyin' close to someone else you're stuck in my head and i can't get you out of it if i could do it all again i know i'd go back to you  post i know i'd go back to you i know i'd go back to you i'd go back to you i'd go back to you i know i said i wasn't sure but i'd go back to you i know i'd go back to you   you can break my heart in two but when it heals it beats for you i know it's forward but it's true won't lie i'd go back to you you know my thoughts are runnin' loose it's just a thing you make me do and i could fight but what's the use i know i'd go back to you   i wanna hold you when i'm not supposed to when i'm lyin' close to someone else you're stuck in my head and i can't get you out of it if i could do it all again i know i'd go back to you  post i'll go back to you i'll go back to you i know i'd go back to you i'd go back to you i'd go back to you i know i'd go back to you go back to you go back to you go back to you go back to you go back to you go back to you,Happy
4,Selena Gomez,The Heart Wants What It Wants,For You,2014,06/11/2014,what the heart wants what the heart wants what the heart wants wants wants wants   you got me sipping on something i can't compare to nothing i've ever known i'm hoping that after this fever i'll survive i know i'm acting a bit crazy strung out a little bit hazy hand over heart i'm praying that i'm gonna make it out alive  pre the bed's getting cold and you're not here the future that we hold is so unclear but i'm not alive until you call and i'll bet the odds against it all save your advice 'cause i won't hear you might be right but i don't care there's a million reasons why i should give you up   but the heart wants what it wants the heart wants what it wants   you got me scattered in pieces shining like stars and screaming lighting me up like venus but then you disappear and make me wait and every second's like torture heroin drip no more so finding a way to let go baby baby no i can't escape  pre the bed's getting cold and you're not here the future that we hold is so unclear but i'm not alive until you call and i'll bet the odds against it all save your advice 'cause i won't hear you might be right but i don't care there's a million reasons why i should give you up   but the heart wants what it wants the heart wants what it wants the heart wants what it wants the heart wants what it wants   this is a modern fairytale no happy endings no wind in our sails but i can't imagine a life without breathless moments breaking me down down down down  pre the bed's getting cold and you're not here the future that we hold is so unclear but i'm not alive until you call and i'll bet the odds against it all save your advice 'cause i won't hear you might be right but i don't care there's a million reasons why i should give you up   but the heart wants what it wants the heart wants what it wants the heart wants what it wants the heart wants what it wants   the heart wants what it wants baby the heart wants what it wants baby it wants what it wants it wants what it wants the heart wants what it wants baby the heart wants what it wants baby,Sad
5,Selena Gomez,Same Old Love,Revival,2015,10/09/2015,produced by benny blanco and stargate written by benny blanco charli xcx mikkel s eriksen ross golan  tor erik hermansen   selena gomez take away your things and go you can't take back what you said i know i've heard it all before at least a million times i'm not one to forget you know  pre  selena gomez i don't believe i don't believe it you left in peace left me in pieces too hard to breathe i'm on my knees right now   selena gomez with charli xcx i'm so sick of that same old love that shit it tears me up im so sick of that same old love my body's had enough ohohoh that same old love ohohoh that same old love im so sick of that same old love feels like i've blown apart im so sick of that same old love the kind that breaks your heart ohohoh that same old love ohohoh that same old love   selena gomez i'm not spending any time wasting tonight on you i know i've heard it all so don't you try and change your mind cause i won't be changing too you know  pre  selena gomez you can't believe still can't believe it you left in peace left me in pieces too hard to breathe i'm on my knees right now 'ow   selena gomez with charli xcx i'm so sick of that same old love that shit it tears me up im so sick of that same old love my body's had enough ohohoh that same old love ohohoh that same old love im so sick of that same old love feels like i've blown apart im so sick of that same old love the kind that breaks your heart ohohoh that same old love ohohoh that same old love   i'm so sick of that so sick of that love i'm so sick of that so sick of that love i'm so sick of that so sick of that love i'm so sick of that so sick of that love   selena gomez with charli xcx i'm so sick of that same old love that shit it tears me up im so sick of that same old love my body's had enough ohohoh that same old love ohohoh that same old love im so sick of that same old love feels like i've blown apart im so sick of that same old love the kind that breaks your heart ohohoh that same old love ohohoh that same old love,Sad
6,Selena Gomez,People You Know,Rare (Target Exclusive),2020,10/01/2020,you were runnin' through me like water now the feeling's leavin' me dry these days we couldn't be farther so hows it feel to be on the other side  pre so many wasted wasted nights with nights with you you i still can taste it taste it i hate it wish i could take it back 'cause   we used to be close but people can go from people you know to people you don't and what hurts the most is people can go from people you know to people you don't we used to be close but people can go from people you know to people you don't and what hurts the most is people can go from people you know to people you don't   when it was good we were on fire now i'm breathin' ashes and dust i always wanna get higher i never know when enough is enough  pre so many wasted wasted nights with nights with you you i still can taste it taste it i hate it wish i could take it back 'cause   we used to be close but people can go from people you know to people you don't and what hurts the most is people can go from people you know to people you don't we used to be close but people can go from people you know to people you don't and what hurts the most is people can go from people you know to people you don't  post dumdumdum dadadumdumdum dadadumdum dadadadum people you don't dumdumdum dadadumdumdum dadadumdum dadadadum people you don't ooh from people you know to people you don't ooh from people you know to people you don't   we used to be close but people can go from people you know to people you don't and what hurts the most is people can go from people you know to people you don't we used to be close but people can go from people you know to people you don't and what hurts the most is people can go from people you know to people you don't  post dumdumdum dadadumdumdum ooh dadadumdum dadadum from people you know to people you don't dumdumdum dadadumdumdum ooh dadadumdum dadadum from people you know to people you don't dumdumdum dadadumdumdum ooh dadadumdum dadadum from people you know to people you don't dumdumdum dadadumdumdum ooh dadadumdum dadadum from people you know to people you don't,Sad
7,Selena Gomez,Slow Down,Stars Dance,2013,03/06/2013,now that i have captured your attention i wanna steal you for a rhythm intervention mr tsa i'm ready for inspection shshshow me how you make a first impression  pre oh oh can we take it nice and slow slow break it down and drop it low low 'cause i just wanna party all night in the neon lights 'til you can't let me go   i just wanna feel your body right next to mine all night long baby slow down the song and when it's coming closer to the end hit rewind all night long baby slow down the song yeah baby slow down the song yeah baby slow down the song   if you want me i'm accepting applications so long as we can keep this record on rotation you know i'm good with mouthtomouth resuscitation breathe me in breathe me out so amazing  pre oh oh can we take it nice and slow slow break it down and drop it low low cause i just wanna party all night in the neon lights 'til you can't let me go   i just wanna feel your body right next to mine all night long baby slow down the song and when it's coming closer to the end hit rewind all night long baby slow down the song yeah baby slow down the song yeah baby slow down the song   breathe me in breathe me out the music's got me going breathe me in breathe me out no stopping 'til the morning breathe me in breathe me out you know i'm ready for it for it for it yeah breathe me in breathe me out the music's got me going breathe me in breathe me out no stopping 'til the morning breathe me in breathe me out you know i'm ready for it for it for it yeah  interlude it's the cataracs   i just wanna feel your body right next to mine all night long baby slow down the song and when it's coming closer to the end hit rewind all night long baby slow down the song yeah baby slow down the song yeah baby slow down the song   how do i do it it's the cataracs ha ha ha,Sad
8,Selena Gomez,Good for You,Revival,2015,22/06/2015,produced by hitboy nick monson  rock mafia written by julia michaels justin tranter selena gomez and aap rocky   selena gomez i'm on my 4 carats i'm 4 carat doing it up like midas now you say i got a touch so good so good make you never wanna leave so don't so don't  pre selena gomez gonna wear that dress you like skintight do my hair up real real nice and syncopate my skin to your heart beating   selena gomez cause i just wanna look good for you good for you i just wanna look good for you good for you let me show you how proud i am to be yours leave this dress a mess on the floor and still look good for you good for you   selena gomez i'm on my marquise diamonds i'm a marquise diamond could even make that tiffany jealous you say i give it to you hard so bad so bad make you never wanna leave i won't i won't  pre selena gomez gonna wear that dress you like skintight do my hair up real real nice and syncopate my skin to how you're breathing   selena gomez cause i just wanna look good for you good for you i just wanna look good for you good for you let me show you how proud i am to be yours leave this dress a mess on the floor and still look good for you good for you   selena gomez trust me i can take you there trust me i can take you there trust me i trust me i trust me i   aap rocky hold on take a minute love cause i ain't trying to fuck your image up like we mess around in triple cuffs stumble 'round town pull your zipper up pants sag like i don't give a i ain't trying to fuck your business up and i ain't trying to get you into stuff but the way you touchin' on me in the club rubbin' on my miniature john hancock fuck the signature any time i hit it know she finna fall through and every time we get up always end up on the news ain't worried bout no press and ain't worried bout the next bitch they love the way you dress and ain't got shit up on you jackpot hit the jackpot just met a bad bitch without the ass shots you look good girl you know you did good don't you you look good girl bet it feel good don't it   selena gomez cause i just wanna look good for you good for you baby let me be good to you good to you let me show you how proud i am to be yours leave this dress a mess on the floor and still look good for you good for you   selena gomez trust me i trust me i trust me i,Happy
9,Selena Gomez,Wolves,,2017,25/10/2017,in your eyes there's a heavy blue one to love and one to lose sweet divide a heavy truth water or wine don't make me choose i wanna feel the way that we did that summer night night drunk on a feeling alone with the stars in the sky i've been running through the jungle i've been running with the wolves to get to you to get to you i've been down the darkest alleys saw the dark side of the moon to get to you to get to you i've looked for love in every stranger took too much to ease the anger all for you yeah all for you i've been running through the jungle i've been crying with the wolves to get to you to get to you oh to get to you your fingertips trace my skin to places i have never been blindly i am following break down these walls and come on in i wanna feel the way that we did that summer night drunk on a feeling alone with the stars in the sky i've been running through the jungle i've been running with the wolves to get to you to get to you i've been down the darkest alleys saw the dark side of the moon to get to you to get to you i've looked for love in every stranger took too much to ease the anger all for you yeah all for you i've been running through the jungle i've been crying with the wolves to get to you to get to you oh to get to you i've been running through the jungle i've been running with the wolves to get to you to get to you i've been down the darkest alleys saw the dark side of the moon to get to you to get to you i've looked for love in every stranger took too much to ease the anger all for you yeah all for you i've been running through the jungle i've been crying with the wolves to get to you to get to you oh to get to you,Happy
10,Billie Eilish,Everything I wanted,"WHEN WE ALL FALL ASLEEP, WHERE DO WE GO? (Target Exclusive)",2019,13/11/2019,i had a dream i got everything i wanted not what you'd think and if i'm bein' honest it might've been a nightmare to anyone who might care thought i could fly fly so i stepped off the golden mm nobody cried cried cried cried cried nobody even noticed i saw them standing right there kinda thought they might care might care might care  pre i had a dream i got everything i wanted but when i wake up i see you with me   and you say as long as i'm here no one can hurt you don't wanna lie here but you can learn to if i could change the way that you see yourself you wouldn't wonder why you hear 'they don't deserve you'   i tried to scream but my head was underwater they called me weak like i'm not just somebody's daughter coulda been a nightmare but it felt like they were right there and it feels like yesterday was a year ago but i don't wanna let anybody know 'cause everybody wants something from me now and i don't wanna let 'em down  pre i had a dream i got everything i wanted but when i wake up i see you with me   and you say as long as i'm here no one can hurt you don't wanna lie here but you can learn to if i could change the way that you see yourself you wouldn't wonder why you hear 'they don't deserve you'   if i knew it all then would i do it again would i do it again if they knew what they said would go straight to my head what would they say instead if i knew it all then would i do it again would i do it again if they knew what they said would go straight to my head what would they say instead,Sad
11,Billie Eilish,Bad Guy,"WHEN WE ALL FALL ASLEEP, WHERE DO WE GO? (Japanese Import)",2019,29/03/2019,white shirt now red my bloody nose sleepin' you're on your tippy toes creepin' around like no one knows think you're so criminal bruises on both my knees for you don't say thank you or please i do what i want when i'm wanting to my soul so cynical   so you're a tough guy like it really rough guy just can't get enough guy chest always so puffed guy i'm that bad type make your mama sad type make your girlfriend mad tight might seduce your dad type i'm the bad guy duh  post i'm the bad guy   i like it when you take control even if you know that you don't own me i'll let you play the role i'll be your animal my mommy likes to sing along with me but she won't sing this song if she reads all the lyrics she'll pity the men i know   so you're a tough guy like it really rough guy just can't get enough guy chest always so puffed guy i'm that bad type make your mama sad type make your girlfriend mad tight might seduce your dad type i'm the bad guy duh  post i'm the bad guy duh i'm only good at bein' bad bad   i like when you get mad i guess i'm pretty glad that you're alone you said she's scared of me i mean i don't see what she sees but maybe it's 'cause i'm wearing your cologne   i'm a bad guy i'm i'm a bad guy bad guy bad guy i'm a bad,Happy
12,Billie Eilish,idontwannabeyouanymore,dont smile at me,2017,21/07/2017,don't be that way fall apart twice a day i just wish you could feel what you say show never tell but i know you too well kind of mood that you wish you could sell   if teardrops could be bottled there'd be swimming pools filled by models told a tight dress is what makes you a whore if i love you was a promise would you break it if you're honest tell the mirror what you know she's heard before i don't wanna be you anymore   hands hands getting cold losing feeling is getting old was i made from a broken mold hurt i can't shake we've made every mistake only you know the way that i break   if teardrops could be bottled there'd be swimming pools filled by models told a tight dress is what makes you a whore if i love you was a promise would you break it if you're honest tell the mirror what you know she's heard before i don't wanna be you i don't wanna be you i don't wanna be you anymore,Sad
13,Billie Eilish,ilomilo,"WHEN WE ALL FALL ASLEEP, WHERE DO WE GO? (Japanese Import)",2019,29/03/2019,told you not to worry but maybe that's a lie honey what's your hurry won't you stay inside remember not to get too close to stars they're never gonna give you love like ours   where did you go i should know but it's cold and i don't wanna be lonely so show me the way home i can't lose another life  refrain hurry i'm worried   the world's a little blurry or maybe it's my eyes the friends i've had to bury they keep me up at night said i couldn't love someone 'cause i might break if you're gonna die not by mistake   so where did you go i should know but it's cold and i don't wanna be lonely so tell me you'll come home even if it's just a lie   i tried not to upset you let you rescue me the day i met you i just wanted to protect you but now i'll never get to  refrain hurry i'm worried   where did you go i should know but it's cold and i don't wanna be lonely was hoping you'd come home i don't care if it's a lie,Happy
14,Billie Eilish,listen before i go,"WHEN WE ALL FALL ASLEEP, WHERE DO WE GO? (Japanese Import)",2019,29/03/2019,take me to the rooftop i wanna see the world when i stop breathing turnin' blue tell me love is endless don't be so pretentious leave me like you do like you do  pre if you need me wanna see me better hurry 'cause i'm leavin' soon   sorry can't save me now sorry i don't know how sorry there's no way out sorry but down hmm down   taste me the salty tears on my cheek that's what a yearlong headache does to you i'm not okay i feel so scattered don't say i'm all that matters leave me déjà vu hmm  pre if you need me wanna see me you better hurry i'm leavin' soon   sorry can't save me now sorry sorry i don't know how sorry sorry there's no way out sorry but down hmm down   call my friends and tell them that i love them and i'll miss them but i'm not sorry call my friends and tell them that i love them and i'll miss them sorry,Sad
15,Billie Eilish,Six Feet Under,,2016,17/11/2016,help i lost myself again but i remember you don't come back it won't end well but i wish you'd tell me to   our love is six feet under i can't help but wonder if our grave was watered by the rain would roses bloom could roses bloom again   retrace my lips erase your touch it's all too much for me blow away like smoke in air how can you die carelessly   our love is six feet under i can't help but wonder if our grave was watered by the rain would roses bloom could roses bloom   they're playin' our sound layin' us down tonight and all of these clouds crying us back to life but you're cold as a knife   six feet under i can't help but wonder if our grave was watered by the rain bloom bloom again   help i lost myself again but i remember you,Sad
16,Billie Eilish,party favor,dont smile at me,2017,11/08/2017,hey leave a message   hey call me back when ya get this or when you've got a minute we really need to talk wait you know what maybe just forget it 'cause by the time you get this your number might be blocked  pre stay and blah blah blah you just want what you can't have no way i'll call the cops if you don't stop i'll call your dad   and i hate to do this to you on your birthday happy birthday by the way it's not you it's me and all that other bullshit you know that's bullshit don'tcha babe i'm not your party favor   look now i know we coulda done it better but we can't change the weather when the weather's come and gone books don't make sense if you read 'em backwards you'll single out the wrong words like you mishear all my songs  pre you'll hear stay and blah blah blah you just want what you can't have no way i'll call the cops if you don't stop i'll call your dad   and i hate to do this to you on your birthday happy birthday by the way it's not you it's me and all that other bullshit you know that's bullshit don'tcha babe i'm not your party favor,Sad
17,Charlie Puth,Attention,Voicenotes,2017,21/04/2017,woahoh hmhmm   you've been runnin' 'round runnin' 'round runnin' 'round throwin' that dirt all on my name 'cause you knew that i knew that i knew that i'd call you up you've been going 'round going 'round going 'round every party in la 'cause you knew that i knew that i knew that i'd be at one oh  pre i know that dress is karma perfume regret you got me thinking 'bout when you were mine ooh and now i'm all up on ya what you expect but you're not coming home with me tonight   you just want attention you don't want my heart maybe you just hate the thought of me with someone new yeah you just want attention i knew from the start you're just making sure i'm never gettin' over you oh   you've been runnin' 'round runnin' 'round runnin' 'round throwin' that dirt all on my name 'cause you knew that i knew that i knew that i'd call you up baby now that we're now that we're now that we're right here standin' face to face you already know 'ready know 'ready know that you won oh  pre i know that dress is karma dress is karma perfume regret yeah you got me thinking 'bout when you were mine ooh you got me thinking 'bout when you were mine and now i'm all up on ya all up on ya what you expect oh baby but you're not coming home with me tonight oh no   you just want attention you don't want my heart maybe you just hate the thought of me with someone new one new yeah you just want attention oh i knew from the start the start you're just making sure i'm never gettin' over you over you oh   what are you doin' to me what are you doin' huh what are you doin' what are you doin' to me what are you doin' huh what are you doin' what are you doin' to me what are you doin' huh what are you doin' what are you doin' to me what are you doin' huh  pre i know that dress is karma perfume regret you got me thinking 'bout when you were mine and now i'm all up on ya what you expect but you're not coming home with me tonight   you just want attention you don't want my heart maybe you just hate the thought of me with someone new yeah you just want attention i knew from the start you're just making sure i'm never gettin' over you over you   what are you doin' to me hey what are you doin' huh what are you doin' love what are you doin' to me what are you doin' huh yeah you just want attention what are you doin' to me i knew from the start what are you doin' huh you're just making sure i'm never gettin' over you what are you doin' to me what are you doin' huh,Sad
18,Charlie Puth,We Don’t Talk Anymore,Nine Track Mind,2016,24/05/2016,charlie puth we don't talk anymore we don't talk anymore we don't talk anymore like we used to do we don't love anymore what was all of it for oh we don't talk anymore like we used to do   charlie puth i just heard you found the one you've been looking you've been looking for i wish i would have known that wasn't me 'cause even after all this time i still wonder why i can't move on just the way you did so easily  pre charlie puth don't wanna know what kind of dress you're wearing tonight if he's holdin' onto you so tight the way i did before i overdosed should've known your love was a game now i can't get you out of my brain oh it's such a shame   charlie puth that we don't talk anymore we don't talk anymore we don't talk anymore like we used to do we don't love anymore what was all of it for oh we don't talk anymore like we used to do   selena gomez i just hope you're lying next to somebody who knows how to love you like me there must be a good reason that you're gone every now and then i think you might want me to come show up at your door but i'm just too afraid that i'll be wrong  pre selena gomez don't wanna know if you're lookin' into her eyes if she's holdin' onto you so tight the way i did before i overdosed should've known your love was a game now i can't get you out of my brain oh it's such a shame   charlie puth  selena gomez that we don't talk anymore we don't talk anymore we don't talk anymore like we used to do we don't love anymore what was all of it for oh we don't talk anymore like we used to do like we used to do  pre  charlie puth  selena gomez don't wanna know what kind of dress you're wearing tonight if he's giving it to you just right the way i did before i overdosed should've known your love was a game now i can't get you out of my brain oh it's such a shame   charlie puth  selena gomez that we don't talk anymore we don't talk anymore we don't talk anymore like we used to do we don't love anymore what was all of it for oh we don't talk anymore like we used to do   charlie puth  selena gomez both we don't talk anymore oh oh don't wanna know what kind of dress you're wearing tonight if he's holding onto you so tight the way i did before we don't talk anymore oh whoa should've known your love was a game now i can't get you out of my brain oh it's such a shame that we don't talk anymore,Sad
19,Charlie Puth,How Long,Voicenotes,2017,05/10/2017,alright ooh yeah   i'll admit i was wrong what else can i say girl can't you blame my head and not my heart i was drunk i was gone that don't make it right but promise there were no feelings involved mmh  pre she said boy tell me honestly was it real or just for show yeah she said save your apologies baby i just gotta know   how long has this been goin' on you've been creepin' 'round on me while you're callin' me baby how long has this been goin' on you've been actin' so shady shady i've been feelin' it lately baby  post ooooh yeah ooooh encore ooohoohoh   i'll admit it's my fault but you gotta believe me when i say it only happened once mmm i try and i try but you'll never see that you're the only one i wanna love oh yeah  pre she said boy tell me honestly was it real or just for show yeah she said save your apologies baby i just gotta know   how long has this been goin' on you've been creepin' 'round on me while you're callin' me baby how long has this been goin' on you've been actin' so shady i've been feelin' it lately baby  post ooooh yeah ooooh encore ooohoohoh how long has it been goin' on baby ooooh yeah ooooh you gotta go tell me now ooohoohoh  pre she said boy tell me honestly was it real or just for show yeah she said save your apologies baby i just gotta know   how long has this been goin' on and you' been creepin' 'round on me while you're callin' me baby how long has this been goin' on you've been actin' so shady i've been feelin' it lately baby  post ooooh yeah how long has this been goin' on ooh encore you've been creepin' 'round on me ooohoohoh how long has it been goin' on baby oh ooooh how long has this been goin' on ooh encore you gotta go tell me now ooohoohoh you've been actin' so shady i've been feelin' it lately baby,Sad
20,Charlie Puth,Cheating on You,,2019,02/10/2019,it started with a kiss on your mama's couch 0 was nothing serious and then we caught the feels it got really real too good to be true i guess i thought you was yeah  pre why did i run away run away run away oh your love was everything everything everything i know it's gettin' late gettin' late gettin' late but can i still be on my way on my way yeah   i know i said goodbye and baby you said it too but when i touch her i feel like i'm cheating on you i thought that i'd be better when i found someone new but when i touch her i feel like i'm cheating on you  post baby no oh cheating on you baby no but when i touch her i feel like i'm cheating on you   thought i could get you back any time of day shouldn't have been so cocky shouldn't have did you wrong woah and now i miss you bad really really bad guess you don't know what you got until it's gone  pre why did i run away run away run away run away oh your love was everything everything everything everything i know it's gettin' late gettin' late gettin' late gettin' late but can i still be on my way on my way yeah   i know i said goodbye and baby you said it too you said it too baby but when i touch her i feel like i'm cheating on you cheating on you i thought that i'd be better when i found someone new ooh but when i touch her i feel like i'm cheating on you  post baby no oh cheating on you baby no but when i touch her i feel like i'm cheating on you   baby no there ain't no lips like your lips and nobody else feels like this there's no moving on i'll admit if you go away yeah   i know i said goodbye and baby you said it too but when i touch her i feel like i'm cheating on you cheating on you i thought that i'd be better when i found someone new found someone new but when i touch her i feel like i'm cheating on you believe it baby  post baby no oh cheating on you i said goodbye but i'm still in love baby no i said goodbye but i'm still in love but when i touch her i feel like i'm cheating on you   i said goodbye and you said goodbye,Happy
21,Coldplay,Fix You,X&Y,2005,06/06/2005,chris martin when you try your best but you don't succeed when you get what you want but not what you need when you feel so tired but you can't sleep stuck in reand the tears come streaming down your face when you lose something you can't replace when you love someone but it goes to waste could it be worse   chris chris  will lights will guide you home and ignite your bones and i will try to fix you   chris martin and high up above or down below when you're too in love to let it go but if you never try you'll never know just what you're worth   chris  will lights will guide you home and ignite your bones and i will try to fix you     breakdown chris jonny guy will tears stream down your face when you lose something you cannot replace tears stream down your face and i tears stream down your face i promise you i will learn from my mistakes tears stream down your face and i   chris martin lights will guide you home and ignite your bones and i will try to fix you,Sad
22,Coldplay,Hymn for the Weekend,A Head Full of Dreams,2016,25/01/2016,beyoncé and said drink from me drink from me ohahohah that we shoot across the sky symphony that we shoot across the sky pour on a drink from me drink from me ohahohah that we shoot across the sky symphony so high so high that we shoot across the sky   chris martin oh angel sent from up above you know you make my world light up when i was down when i was hurt you came to lift me up life is a drink and love's a drug oh now i think i must be miles up when i was a river dried up you came to rain a flood  pre chris martin with beyoncé you said drink from me drink from me when i was so thirsty poured on a symphony now i just can't get enough put your wings on me wings on me when i was so heavy poured on a symphony when i'm low low low low   chris martin i ohi ohi got me feeling drunk and high so high so high ohi ohi ohi now im feeling drunk and high so high so high woo woooooooowoo   chris martin with beyoncé oh angel sent from up above i feel you coursing through my blood life is a drink and your love's about to make the stars come out  pre chris martin with beyoncé put your wings on me wings on me when i was so heavy poured on a symphony when i'm low low low low   chris martin i ohi ohi got me feeling drunk and high so high so high ohi ohi ohi im feeling drunk and high so high so high   beyoncé with chris martin i ohi ohi la la la la la la la so high so high i ohi ohi now i'm feeling drunk and high so high so high   beyoncé  with chris martin that i shoot across the sky that i shoot across the that i shoot across the sky let me shoot across the let me shoot let me shoot across the sky let me shoot across the let me shoot across the sky that we shoot across the,Happy
23,Coldplay,A Sky Full of Stars,Ghost Stories,2014,02/05/2014,'cause you're a sky 'cause you're a sky full of stars i'm gonna give you my heart 'cause you're a sky 'cause you're a sky full of stars 'cause you light up the path   i don't care go on and tear me apart i don't care if you do oohooh ooh 'cause in a sky 'cause in a sky full of stars i think i saw you oohoohooh oohoohooh   'cause you're a sky 'cause you're a sky full of stars i wanna die in your arms ohohoh ohoh 'cause you get lighter the more it gets dark i'm gonna give you my heart oh   i don't care go on and tear me apart i don't care if you do oohooh ooh 'cause in a sky 'cause in a sky full of stars i think i see you oohoohooh oohoohooh i think i see you oohoohooh oohoohooh   'cause you're a sky you're a sky full of stars such a heavenly view you're such a heavenly view yeah yeah yeah ooh,Happy
24,Coldplay,Everglow,A Head Full of Dreams,2015,26/11/2015,oh they say people come say people go this particular diamond was extra special and though you might be gone and the world may not know still i see you celestial   like a lion you ran a goddess you rolled like an eagle you circled in perfect purple so how come things move on how come cars dont slow when it feels like the end of my world when i should but i cant let you go    but when im cold cold when im cold cold theres a light that you give me when im in shadow theres a feeling within me everglow   like brothers in blood sisters who ride and we swore on that night wed be friends 'til we die but the changing of winds and the way waters flow life is short as the falling of snow and now im gonna miss you i know    but when im cold cold in water rolled salt and i know that youre with me and the way you will show and youre with me wherever i go and you give me this feeling this everglow   oh what i wouldn't give for just a moment to hold because i live for this feeling this everglow   so if you love someone you should let them know oh the light that you left me will everglow,Happy
25,Coldplay,Adventure of a Lifetime,A Head Full of Dreams,2015,06/11/2015,indecipherable   turn your magic on umi she'd say everything you want's a dream away and we are legends every day that's what she told him   turn your magic on to me she'd say everything you want's a dream away under this pressure under this weight we are diamonds   now i feel my heart beating i feel my heart beneath my skin and i feel my heart beating oh you make me feel like i'm alive again  post alive again oh you make me feel like i'm alive again   said i can't go on not in this way i'm a dream that died by light of day gonna hold up half the sky and say only i own me   now i feel my heart beating i feel my heart beneath my skin oh i can feel my heart beating 'cause you make me feel like i'm alive again  post alive again oh you make me feel like i'm alive again   turn your magic on umi she'd say everything you want's a dream away under this pressure under this weight we are diamonds taking shape we are diamonds taking shape woo woo  refrain if we've only got this life this adventure oh then i and if we've only got this life you'll get me through and if we've only got this life in this adventure oh then i want to share it with you with you with you yeah i do   woohoo woohoo woohoo woohoo woohoo woohoo woohoo woohoo woohoo woohoo woohoo woohoo,Happy
26,Coldplay,Paradise,Mylo Xyloto,2011,12/09/2011,oohoohooh oohoohooh oohoohooh oohoohooh oohoohooh oohoohooh when she was just a girl she expected the world but it flew away from her reach so she ran away in her sleep   and dreamed of paraparaparadise paraparaparadise paraparaparadise every time she closed her eyes   oohoohooh oohoohooh oohoohooh oohoohooh oohoohooh oohoohooh when she was just a girl she expected the world but it flew away from her reach and the bullets catch in her teeth life goes on it gets so heavy the wheel breaks the butterfly every tear a waterfall in the night the stormy night she'd close her eyes in the night the stormy night away she'd fly   and dream of paraparaparadise paraparaparadise paraparaparadise oh ohoh ohoh ohohoh she'd dream of paraparaparadise paraparaparadise paraparaparadise oh ohoh ohoh ohohoh   la lala lalala la lala lalala la lala lalala lala so lying underneath those stormy skies she said oh ohohohoh i know the sun must set to rise   this could be paraparaparadise paraparaparadise this could be paraparaparadise oh ohoh ohoh ohohoh this could be paraparaparadise paraparaparadise this could be paraparaparadise oh ohoh ohoh ohohoh   break   this could be paraparaparadise this could be paraparaparadise this could be paraparaparadise ohohohohoh ohohoh   oohoohooh oohoohooh oohoohooh oohoohooh oohoohooh oohoohooh oohoohooh oohoohooh oohoohooh oohoohooh oohoohooh,Happy
27,Drake,One Dance,Views,2016,05/04/2016,kyla baby i like your style   drake grips on your waist front way back way you know that i don't play streets not safe but i never run away even when i'm away oti oti there's never much love when we go ot i pray to make it back in one piece i pray i pray   drake that's why i need a one dance got a hennessy in my hand one more time 'fore i go higher powers taking a hold on me i need a one dance got a hennessy in my hand one more time 'fore i go higher powers taking a hold on me  interlude kyla baby i like your style   drake strength and guidance all that i'm wishing for my friends nobody makes it from my ends i had to bust up the silence you know you gotta stick by me soon as you see the text reply me i don't wanna spend time fighting we've got no time   drake and that's why i need a one dance got a hennessy in my hand one more time 'fore i go higher powers taking a hold on me i need a one dance got a hennessy in my hand one more time 'fore i go higher powers taking a hold on me   wizkid got a pretty girl and she love me long time wine it wine it very long time oh yeah very long time back up back up back up and wine it back up back up and wine it girl back up back up back up and wine it oh yeah very long time back up back up and wine it girl  refrain kyla  wizkid tell me i need to know where do you wanna go cause if you're down i'll take it slow make you lose control where where where where where where where oh yeah very long time where where where back up back up and wine it girl where where where where cause if you're down back up back up and cause if you're down back up back up and cause if you're down back up back up and   drake i need a one dance got a hennessy in my hand one more time 'fore i go higher powers taking a hold on me i need a one dance got a hennessy in my hand one more time 'fore i go higher powers taking a hold on me,Happy
28,Drake,Fake Love,More Life,2016,23/10/2016,i've been down so long it look like up to me they look up to me i got fake people showin' fake love to me straight up to my face straight up to my face i've been down so long it look like up to me they look up to me i got fake people showin' fake love to me straight up to my face straight up to my face   somethin' ain't right when we talkin' somethin' ain't right when we talkin' look like you hidin' your problems really you never was solid no you can't son me you won't never get to run me just when shit look out of reach i reach back like one three like one three yeah  pre that's when they smile in my face whole time they wanna take my place whole time they wanna take my place whole time they wanna take my place yeah i know they wanna take my place i can tell that love is fake i don't trust a word you say how you wanna clique up after your mistakes look you in the face and it's just not the same   i've been down so long it look like up to me they look up to me i got fake people showin' fake love to me straight up to my face straight up to my face i've been down so long it look like up to me they look up to me i got fake people showin' fake love to me straight up to my face straight up to my face   yeah straight up to my face tryna play it safe vibe switch like night and day i can see it like right away i came up you changed up i caught that whole play since things never been the same  pre that's when they smile in my face whole time they wanna take my place whole time they wanna take my place whole time they wanna take my place yeah i know they wanna take my place i can tell that love is fake i can tell that love is fake i don't trust a word you say i don't trust a word how you wanna clique up after your mistakes that's just what i heard look you in the face and it's just not the same   i've been down so long it look like up to me they look up to me i got fake people showin' fake love to me straight up to my face straight up to my face i've been down so long it look like up to me they look up to me i got fake people showin' fake love to me straight up to my face straight up to my face   skrrt and more chune for your headtop so watch how you speak on my name you know,Sad
29,Drake,Passionfruit,More Life,2017,18/03/2017,moodymann hold on hold on fuck that fuck that shit hold on i got to start this mothafuckin' record over again wait a minute fuck that shit still on this mothafuckin record i'ma play this mothafucka for y'all ayy yall get some more drinks goin' on i'll sound a whole lot better   listen seein' you got ritualistic cleansin' my soul of addiction for now 'cause i'm fallin' apart yeah tension between us just like picket fences you got issues that i wont mention for now cause we're fallin apart   passionate from miles away passive with the things you say passin' up on my old ways i can't blame you no no passionate from miles away passive with the things you say passin' up on my old ways i cant blame you no no   listen harder buildin' trust from a distance i think we should rule out commitment for now 'cause we're fallin' apart leavin' you're just doing that to get even don't pick up the pieces just leave it for now they keep fallin' apart   passionate from miles away passive with the things you say passin' up on my old ways i can't blame you no no passionate from miles away passive with the things you say passin' up on my old ways i can't blame you no no   zoë kravitz um trying to think of the right thing to say,Happy
30,Drake,Too Good,Views,2016,29/04/2016,drake oh yeah yeah yeah oh yeah yeah yeah yeah   drake looki don't know how to talk to you i don't know how to ask you if you're okay my friends always feel the need to tell me things seems like they're just happier than us these days yeah these days i don't know how to talk to you i don't know how to be there when you need me it feels like the only time you see me is when you turn your head to the side and look at me differently yeah  pre drake and last night i think i lost my patience last night i got high as your expectations last night i came to a realization and i hope you can take it i hope you can take it oh   drake i'm too good to you i'm way too good to you you take my love for granted i just don't understand it no i'm too good to you i'm way too good to you you take my love for granted i just don't understand it   rihanna i don't know how to talk to you i just know i found myself getting lost with you lately you just make me work too hard for you got me on flights overseas and i still can't get across to you  pre rihanna and last night i think i lost my patience last night i got high as your expectations last night i came to a realization and i hope you can take it i hope you can take it oh   drake  rihanna i'm too good to you i'm way too good to you you take my love for granted i just don't understand it no i'm too good to you i'm way too good to you you take my love for granted i just don't understand it   drake years go by too fast i can't keep track how long did we last i feel bad for asking it can't end like this we gotta take time with this cock up yuh bumper sit down pon it let me see if this is something i can fix six you got somebody other than me don't play the victim when you're with me free time is costing me more than it seems sacrificing things and i wanna tell you my intentions i wanna do the things that i mention i wanna benefit from the friendship i wanna get the late night message from you from you i put my hands around you gotta get a handle on you gotta get a handle on the fact that i   drake  rihanna i'm too good to you i'm way too good to you you take my love for granted i just don't understand it no i'm too good to you i'm way too good to you you take my love for granted i just don't understand it   popcaan gyal a you mi waan pay fi yuh visa meck yo fly out regular baby cock up yuh bumper sit down pon it gyal yo pum pum good and yuh fit mi wi give you everything weh deh in my wallet and in my pocket cock up yuh bumper sit down pon it gyal yo pum pum good and yuh fit mi wi give you everything weh deh in my wallet and in my pocket,Happy
31,Drake,Energy,If You’re Reading This It’s Too Late,2015,13/02/2015,produced by boida  ob o'brien   dj jah walton  drake lickwood means rewind and gunshot means forward you requested it so we rewind yeah way way way up turn it all up yeah look   i got enemies  got a lot of enemies got a lot of people tryna drain me of my energy they tryna take the wave from a nigga fuckin' with the kid and pray for your nigga   drake i got girls in real life tryna fuck up my day fuck goin' online that ain't part of my day i got real shit poppin' with my family too i got niggas that can never leave canada too six i got two mortgages thirty million in total i got niggas that'll still try fuckin' me over i got rap niggas that i gotta act like i like but my actin' days are over fuck them niggas for life yeah   i got enemies  got a lot of enemies got a lot of people tryna drain me of this energy they tryna take the wave from a nigga fuckin' with the kid and pray for your nigga   drake i got people talkin' down man like i give a fuck i bought this one a purse i bought this one a truck i bought this one a house i bought this one a mall i keep buyin' shit just make sure you keep track of it all i got bitches askin' me about the code for the wifi so they can talk about they timeline and show me pictures of they friends just to tell me they ain't really friends exgirl she the female version of me i got strippers in my life but they virgins to me i hear everybody talkin' 'bout what they gon' be i got high hopes for you niggas we gon' see i got money in the courts 'til all my niggas are free 'bout to call your ass a uber i got somewhere to be i hear fairy tales 'bout how they gon' run up on me well run up when you see me then and we gon' see   i got enemies  got a lot of enemies got a lot of people tryna drain me of this energy they tryna take the wave from a nigga fuckin' with the kid and pray for your nigga   drake nah fuck all of you niggas i ain't finished y'all don't wanna hear me say it's a go y'all don't wanna see win win 50 or whoa i got real ones livin' past kennedy road i got real ones wit' me everywhere that i go i'm tryna tell ya i got enemies got a lot of enemies every time i see 'em somethin' wrong with their memory tryna take the wave from a nigga so tired of savin' all these niggas mayne yeah run 'em   i got enemies got a lot of enemies got a lot of people tryna drain me of this energy they tryna take the wave from a nigga fuckin' with the kid and pray for your nigga i'm off this,Happy
32,Drake,Take Care,Take Care,2011,15/11/2011,rihanna i know you've been hurt by someone else i can tell by the way you carry yourself if you let me here's what i'll do i'll take care of you i'll take i'll take i've loved and i've lost   drake i've asked about you and they told me things but my mind didn't change and i still feel the same what's a life with no fun please don't be so ashamed i've had mine you've had yours we both know we know they won't get you like i will my only wish is i die real 'cause that truth hurts and those lies heal and you can't sleep thinking that he lies still so you cry still tears all in the pillowcase big girls all get a little taste ah pushing me away so i give her space ah dealing with a heart that i didn't break i'll be there for you i will care for you i keep thinking you just don't know tryna run from that say you done with that on your face girl it just don't show when you're ready just say you're ready when all the baggage just ain't as heavy and the party's over just don't forget me we'll change the pace and we'll just go slow you won't ever have to worry you won't ever have to hide and you've seen all my mistakes so look me in my eyes   rihanna  drake 'cause if you let me here's what i'll do i'll take care of you i'll take i'll take i've loved and i've lost yeah   drake it's my birthday i'll get high if i want to can't deny that i want you but i'll lie if i have to 'cause you don't say you love me to your friends when they ask you even though we both know that you do you do one time been in love one time you and all your girls in the club one time all so convinced that you're following your heart 'cause your mind don't control what it does sometimes we all have our nights though don't be so ashamed i've had mine you've had yours we both know we know you hate being alone well you ain't the only one you hate the fact that you bought the dream and they sold you one you love your friends but somebody should've told you some to save you instead they say  interlude gil scottheron don't tell me i don't care if you hurt i don't tell you you don't care if you're true don't tell me i don't care if you hurt i don't tell you you don't care if you're true   rihanna i know you've been hurt by someone else i can tell by the way you carry yourself if you let me here's what i'll do i'll take care of you i'll take i'll take i've loved and i've lost,Sad
33,Drake,Signs,,2017,22/06/2017,drake yeah yeah yeah yeah yeah yeah  pre drake champagne with breakfast while i'm yawning you can't drink all day if you don't start in the morning lord forgive me i can't take things slowly slow i'm gone on them once i get going gone on them oh gone on them   drake she tryna take it all off for me tryna stay real close to me close i gotta catch myself i can't play myself i need to take it  refrain drake easy easy easy easy easy easy easy easy   drake railiza you need a money and visa and you get what you want always from me i can't say no when you say please i can't say no howisha you need a baby with me uh and i'm takin' my time just wait don't leave i can't say no when you say please i can't say no you wanna drink like bajan and dance like trini yeah you want a supermodel pose like mi real friend winnie like mi real friend yeah vacation is done but i'm not finished no  pre drake champagne with breakfast while i'm yawning you can't drink all day if you don't start in the morning lord forgive me i can't take things slowly slow i'm gone on them once i get going gone on them gone on them gone on them   drake she tryna take it all off for me close tryna stay real close to me i gotta catch myself i can't play myself i need to take it  refrain drake easy easy easy easy easy easy easy easy   drake i stay to myself i'll explain myself i can't play myself oh first night holy night five in the morning yeahyeah yeah and it feels like you're mine signs of the times oh what a time playin' it right playin' it perfect laughin' it off but i know you're hurtin' signs of the times i say all the time taking my time just gets harder to find it but you're playin' it right you're playin' me perfect   drake she tryna take it all off for me tryna stay real close to me i gotta catch myself i can't play myself i need to take it  refrain drake easy easy easy easy easy easy easy easy   young thug i bet i never disrespect you darlin' i bet you pardon me darlin',Happy
34,Maroon 5,What Lovers Do,Red Pill Blues,2017,30/08/2017,adam levine say say say hey hey now baby oh mama don't play now baby say say say hey hey now baby said let's get one thing straight now baby  pre adam levine tell me tell me if you love me or not love me or not love me or not i'll bet the house on you am i lucky or not lucky or not lucky or not you gotta tell me if you love me or not love me or not love me or not been wishin' for you am i lucky or not lucky or not lucky or not   adam levine ooooh oooh been wishin' for you ooh ooh tryna' do what lovers do ooh ooooh oooh been wishin' for you ooh ooh tryna' do what lovers do ooh   sza  adam levine say say say hey hey now baby you gonna make me hit you with that lay down baby ohh ooh say say say hey hey now baby you know what i need out the gate now baby oh ohh  pre adam levine tell me tell me if you love me or not love me or not love me or not i'll bet the house on you am i lucky or not lucky or not lucky or not you gotta tell me if you love me or not love me or not love me or not been wishin' for you am i lucky or not lucky or not lucky or not   adam levine  sza ooooh oooh been wishin' for you ooh ooh tryna' do what lovers do ooh ooooh oooh been wishin' for you wishin' ooh ooh tryna' do what lovers do ooh  refrain adam levine  sza hey yeah what lovers do oh ohh what lovers do hmm na na na hey yeah what lovers do oh hmm na na na oh ohh   adam levine  sza aren't we too grown for games aren't we too grown to play around young enough to chase but old enough to know better are we too grown for changin' are we too grown to mess aroundooh and i can't wait forever baby both of us should know better   adam levine ooooh oooh been wishin' for you ooh ooh tryna' do what lovers do ooh   adam levine  sza ooooh oooh been wishin' for you ooh ooh tryna' do what lovers do ooh ooooh oooh been wishin' for you you oh yeah ooh ooh ooh tryna' do what lovers do tryna' do what lovers doooh ooooh oooh been wishin' for you been wishin' for love ooh ooh tryna' do what lovers do do uhh ooh ooooh oooh been wishin' for you tryna' do ooh ooh tryna' do what lovers do ooh,Happy
35,Maroon 5,Girls Like You,Red Pill Blues,2017,03/11/2017,spent 4 hours i need more hours with you you spent the weekend getting even ooh we spent the late nights making things right between us  pre but now it's all good babe roll that backwood babe and play me close   'cause girls like you run 'round with guys like me 'til sundown when i come through i need a girl like you yeah yeah girls like you love fun and yeah me too what i want when i come through i need a girl like you yeah yeah  post yeah yeah yeah yeah yeah yeah i need a girl like you yeah yeah yeah yeah yeah yeah yeah yeah i need a girl like you   i spent last night on the last flight to you took a whole day up tryna get way up ooh we spent the daylight tryna make things right between us  pre but now it's all good babe roll that backwood babe and play me close   'cause girls like you run 'round with guys like me 'til sundown when i come through i need a girl like you yeah yeah girls like you love fun and yeah me too what i want when i come through i need a girl like you yeah yeah  post yeah yeah yeah yeah yeah yeah i need a girl like you yeah yeah yeah yeah yeah yeah yeah yeah i need a girl like you yeah yeah i need a girl like you yeah yeah i need a girl like you   maybe it's 645 maybe i'm barely alive maybe you've taken my shit for the last time yeah maybe i know that i'm drunk maybe i know you're the one maybe you're thinking it's better if you drive   oh 'cause girls like you run 'round with guys like me 'til sundown when i come through i need a girl like you yeah 'cause girls like you run 'round with guys like me 'til sundown when i come through i need a girl like you yeah yeah girls like you love fun and yeah me too what i want when i come through i need a girl like you yeah yeah  post yeah yeah yeah yeah yeah yeah i need a girl like you yeah yeah yeah yeah yeah yeah yeah yeah i need a girl like you,Happy
36,Maroon 5,One More Night,Overexposed,2012,19/06/2012,ooh ooh ooh ooh ooh ooh ooh ooh ooh ooh ooh ooh ooh ooh ooh ooh   you and i go hard at each other like we're going to war you and i go rough we keep throwing things and slamming the doors you and i get so damn dysfunctional we stopped keeping score you and i get sick yeah i know that we can't do this no more  pre yeah but baby there you go again there you go again making me love you yeah i stopped using my head using my head let it all go got you stuck on my body on my body like a tattoo and now i'm feeling stupid feeling stupid crawling back to you   so i cross my heart and i hope to die that i'll only stay with you one more night and i know i've said it a million times but i'll only stay with you one more night   try to tell you no but my body keeps on telling you yes try to tell you stop but your lipstick got me so out of breath i'll be waking up in the morning probably hating myself and i'll be waking up feeling satisfied but guilty as hell  pre yeah but baby there you go again there you go again making me love you making me love you yeah i stopped using my head using my head let it all go let it all go got you stuck on my body on my body like a tattoo like a tattoo yeah and now i'm feeling stupid feeling stupid crawling back to you   so i cross my heart and i hope to die yeah that i'll only stay with you one more night oh and i know i've said it a million times yeah but i'll only stay with you one more night yeah   ooh ooh ooh ooh ooh ooh ooh ooh yeah baby give me one more night ooh ooh ooh ooh ooh ooh ooh ooh yeah baby give me one more night whoa yeah ooh ooh ooh ooh ooh ooh ooh ooh yeah baby give me one more night oh yeah yeah  pre but baby there you go again there you go again making me love you yeah i stopped using my head using my head let it all go got you stuck on my body on my body like a tattoo yeah yeah yeah yeah   so i cross my heart and i hope to die oh oh oh oh oh oh oh oh that i'll only stay with you one more night oh oh oh oh oh oh and i know i've said it a million times oh i've said it a million times but i'll only stay with you one more night yeah baby give me one more night so i cross my heart and i hope to die yeah yeah that i'll only stay with you one more night yeah yeah and i know i've said it a million times yeah yeah but i'll only stay with you one more night yeah yeah   i dunno whatever,Happy
37,Maroon 5,Payphone,Overexposed,2012,17/04/2012,adam levine i'm at a payphone trying to call home all of my change i spent on you where have the times gone baby it's all wrong where are the plans we made for two   adam levine yeah i i know it's hard to remember the people we used to be it's even harder to picture that you're not here next to me you say it's too late to make it but is it too late to try and in our time that you wasted all of our s burned down  pre adam levine i've wasted my nights you turned out the lights now i'm paralyzed still stuck in that time when we called it love but even the sun sets in paradise   adam levine i'm at a payphone trying to call home all of my change i spent on you where have the times gone baby it's all wrong where are the plans we made for two  post adam levine if happy ever after did exist i would still be holding you like this all those fairytales are full of shit one more fucking love song i'll be sick oh   adam levine you turned your back on tomorrow 'cause you forgot yesterday i gave you my love to borrow but you just gave it away you can't expect me to be fine i don't expect you to care i know i said it before but all of our s burned down  pre adam levine i've wasted my nights you turned out the lights now i'm paralyzed still stuck in that time when we called it love but even the sun sets in paradise   adam levine i'm at a payphone trying to call home all of my change i spent on you whoa whoaoa where have the times gone baby it's all wrong where are the plans we made for two yeah  post adam levine  wiz khalifa if happy ever after did exist i would still be holding you like this and all those fairytales are full of shit one more fucking love song i'll be sick uh now i'm at a payphone   wiz khalifa man fuck that shit i'll be out spending all this money while you're sitting 'round wondering why it wasn't you who came up from nothing made it from the bottom now when you see me i'm stuntin' and all of my cars start with the push of a button telling me i changed since i blew up or whatever you call it switched the number to my phone so you never could call it don't need my name on my shirt you can tell that i'm ballin' swish what a shame coulda got picked had a really good game but you missed your last shot so you talk about who you see at the top or what you could've saw but sad to say it's over for phantom pulled up valet open doors wished i'd go away got what you was looking for now it's me who they want so you can go take that little piece of shit with you   adam levine i'm at a payphone trying to call home all of my change i spent on you whoo where have the times gone baby it's all wrong where are the plans we made for two for two yeah  post adam levine if happy ever after did exist i would still be holding you like this and all these fairytales are full of shit one more fucking love song i'll be sick now i'm at a payphone,Sad
38,Maroon 5,Cold,Red Pill Blues,2017,14/02/2017,adam levine cold enough to chill my bones it feels like i don't know you anymore i don't understand why you're so cold to me with every breath you breathe i see there's something going on i don't understand why you're so cold   adam levine are we taking time or a time out i can't take the inbetween asking me for space here in my house you know how to fuck with me acting like we're not together after everything that we've been through sleeping up under the covers how am i so far away from you  pre adam levine distant when we're kissing feel so different baby tell me how did you get so   adam levine cold enough to chill my bones it feels like i don't know you anymore i don't understand why you're so cold to me with every breath you breathe i see there's something going on i don't understand why you're so cold yeah  post adam levine whoa yeah whoa yeah i don't understand why you're so cold   adam levine what you holdin' on holdin' on for if you wanna leave just leave why you wanna bite your tongue for the silence is killing me acting like we're not together if you don't want this then what's the use sleeping up under the covers how am i so far away from you  pre adam levine distant oh when we're kissing yeah feel so different yeah baby tell me how did you get so   adam levine cold enough to chill my bones it feels like i don't know you anymore i don't understand why you're so cold to me with every breath you breathe i see there's something going on i don't understand why you're so cold yeah  post adam levine  future whoa yeah whoa yeah i don't understand why you're so cold yeah so tough its a cold world whoa yeah so tough its a cold world whoa yeah so tough its a cold world i don't understand why you're so cold   future  adam levine never thought that you were like this i took the tag off and made you priceless i just spent half a mill' on a chandelier now you tryna cut me off like a light switch yeah tryna stay in our league saying that you need some time to breathe thinking that i'm sleeping on the fourletter word but the fourletter word don't sleep we goin' two separate ways you ain't been actin' the same you gotta go girl where your heart used to be you golddig every day i switched the fourdoor to the twodoor 'cause i can't let my driver hear what you say girl i tried to give you space baby tell me how did you get so cold   adam levine cold enough to chill my bones it feels like i don't know you anymore i don't understand why you're so cold to me with every breath you breathe i see there's something going on i don't understand why you're so cold  post adam levine  future so tough its a cold world whoa yeah so tough its a cold world whoa yeah so tough its a cold world i don't understand why you're so cold yeah so tough its a cold world whoa yeah so tough its a cold world whoa yeah so tough its a cold world i don't understand why you're so cold,Sad
39,Maroon 5,She Will Be Loved,Songs About Jane,2002,25/06/2002,beauty queen of only eighteen she had some trouble with herself he was always there to help her she always belonged to someone else  pre i drove for miles and miles and wound up at your door i've had you so many times but somehow i want more   i don't mind spending every day out on your corner in the pouring rain look for the girl with the broken smile ask her if she wants to stay a while  post and she will be loved and she will be loved   tap on my window knock on my door i want to make you feel beautiful i know i tend to get so insecure doesn't matter anymore  pre it's not always rainbows and butterflies it's compromise that moves us along yeah my heart is full and my door's always open you come any time you want yeah   i don't mind spending every day out on your corner in the pouring rain look for the girl with the broken smile ask her if she wants to stay a while  post and she will be loved and she will be loved and she will be loved and she will be loved   i know where you hide alone in your car know all of the things that make you who you are i know that goodbye means nothing at all comes back and makes me catch her every time she falls yeah  pre tap on my window knock on my door i want to make you feel beautiful   i don't mind spending every day out on your corner in the pouring rain oh look for the girl with the broken smile ask her if she wants to stay a while  post and she will be loved and she will be loved and she will be loved and she will be loved   fading out i don't mind spending every day out on your corner in the pouring rain please don't try so hard to say goodbye,Sad
40,Maroon 5,Sugar,V,2015,13/01/2015,directed by david dobkin   i'm hurting baby i'm broken down i need your loving loving i need it now when i'm without you i'm something weak you got me begging begging i'm on my knees  pre i don't wanna be needing your love i just wanna be deep in your love and it's killing me when you're away ooh baby 'cause i really don't care where you are i just wanna be there where you are and i gotta get one little taste   sugar yes please won't you come and put it down on me i'm right here 'cause i need little love a little sympathy yeah you show me good loving make it alright need a little sweetness in my life your sugar yes please won't you come and put it down on me   babe my broken pieces you pick them up don't leave me hanging hanging come give me some when i'm without you i'm so insecure you are the one thing one thing i'm living for  pre i don't wanna be needing your love i just wanna be deep in your love and it's killing me when you're away ooh baby 'cause i really don't care where you are i just wanna be there where you are and i gotta get one little taste   sugar yes please won't you come and put it down on me i'm right here 'cause i need little love a little sympathy yeah you show me good loving make it alright need a little sweetness in my life your sugar yes please your sugar yes please won't you come and put it down on me   yeah i want that red velvet i want that sugar sweet don't let nobody touch it unless that somebody's me i gotta be a man there ain't no other way 'cause girl you're hotter than a southern california day never wanna play no games you don't gotta  be afraid don't give me all that shy shit no makeup on that's my sugar   sugar yes please please won't you come and put it down on me down on me i'm right here 'cause i need i'm right here 'cause i need little love a little sympathy yeah you show me good loving make it alright need a little sweetness in my life yeah your sugar yes please your sugar yes please won't you come and put it down on me down on me sugar yes please won't you come and put it down on me i'm right here 'cause i need i'm right here 'cause i need little love a little sympathy yeah you show me good loving make it alright need a little sweetness in my life your sugar yes please your sugar yes please won't you come and put it down on me down on me down on me ooh,Happy
41,Maroon 5,Maps,V,2014,16/06/2014,i miss the taste of a sweeter life i miss the conversation i'm searching for a song tonight i'm changing all of the stations i like to think that we had it all we drew a map to a better place but on that road i took a fall oh baby why did you run away  pre i was there for you in your darkest times i was there for you in your darkest night   but i wonder where were you when i was at my worst down on my knees and you said you had my back so i wonder where were you all the roads you took came back to me so i'm following the map that leads to you  post the map that leads to you ain't nothing i can do the map that leads to you following following following to you the map that leads to you ain't nothing i can do the map that leads to you following following following   i hear your voice in my sleep at night hard to resist temptation 'cause something strange has come over me now i can't get over you no i just can't get over you  pre i was there for you in your darkest times i was there for you in your darkest night   but i wonder where were you when i was at my worst down on my knees and you said you had my back so i wonder where were you all the roads you took came back to me so i'm following the map that leads to you  post the map that leads to you ain't nothing i can do the map that leads to you following following following to you the map that leads to you ain't nothing i can do the map that leads to you   oh oh oh ah ooh oh oh ah yeah yeah yeah ah aha ah mmm ah oh i was there for you oh in your darkest times oh i was there for you oh in your darkest night oh i was there for you oh in your darkest times oh i was there for you oh in your darkest night   but i wonder where were you when i was at my worst down on my knees and you said you had my back so i wonder where were you all the roads you took came back to me so i'm following the map that leads to you the map that leads to you ain't nothing i can do the map that leads to you following following following to you the map that leads to you ain't nothing i can do the map that leads to you following following following,Sad
42,Maroon 5,Animals,V,2014,25/08/2014,baby i'm preying on you tonight hunt you down eat you alive just like animals animals like animalsmals maybe you think that you can hide i can smell your scent from miles just like animals animals like animalsmals baby i'm hey   so what you trying to do to me hey it's like we can't stop we're enemies hey but we get along when i'm inside you yeah hey you're like a drug that's killing me hey i cut you out entirely hey but i get so high when i'm inside you  pre yeah you can start over you can run free hey you can find other fish in the sea hey you can pretend it's meant to be hey but you can't stay away from me i can still hear you making that sound hey taking me down rolling on the ground hey you can pretend that it was me but no oh hey   baby i'm preying on you tonight hunt you down eat you alive just like animals animals like animalsmals maybe you think that you can hide i can smell your scent from miles just like animals animals like animalsmals baby i'm hey   so if i run it's not enough hey you're still in my head forever stuck hey so you can do what you wanna do yeah hey i love your lies i'll eat 'em up hey but don't deny the animal hey that comes alive when i'm inside you  pre yeah you can start over you can run free hey you can find other fish in the sea hey you can pretend it's meant to be but you can't stay away from me i can still hear you making that sound hey taking me down rolling on the ground hey you can pretend that it was me but no oh hey   baby i'm preying on you tonight hunt you down eat you alive just like animals animals like animalsmals maybe you think that you can hide i can smell your scent from miles just like animals animals like animalsmals baby i'm   don't tell no lie lie lie lie you can't denynynyny the beast inside sisiside yeah yeah yeah no girl don't lie lie lie lie no no don't lie you can't denynynyny you can't deny the beast inside sisiside yeah yeah yeah yooh oh oh oh oh oh oh just like animals animals like animalsmals hey hey just like animals animals like animalsmals oww yeah yeah yeah   baby i'm preying on you tonight hunt you down eat you alive just like animals animals like animalsmals maybe you think that you can hide i can smell your scent from miles just like animals animals like animalsmals baby i'm   don't tell no lie lie lie lie you can't denynynyny the beast inside sisiside yeah yeah yeah no girl don't lie lie lie lie no no don't lie you can't denynynyny you can't deny the beast inside sisiside yeah yeah yeah,Happy
43,Maroon 5,Misery,Hands All Over,2010,22/06/2010,oh yeah oh yeah   so scared of breaking it that you won't let it bend and i wrote two hundred letters i will never send sometimes these cuts are so much deeper than they seem you'd rather cover up i'd rather let them bleed so let me be and i'll set you free oh yeah   i am in misery there ain't nobody who can comfort me oh yeah why won't you answer me the silence is slowly killing me oh yeah  post  girl you really got me bad you really got me bad now i'm gonna get you back i'm gonna get you back   your salty skin and how it mixes in with mine the way it feels to be completely intertwined not that i didn't care it's that i didn't know it's not what i didn't feel it's what i didn't show so let me be and i'll set you free   i am in misery there ain't nobody who can comfort me oh yeah why won't you answer me the silence is slowly killing me oh yeah  post girl you really got me bad you really got me bad now i'm gonna get you back i'm gonna get you back yeah   you say your faith is shaken and you may be mistaken you keep me wide awake and waiting for the sun i'm desperate and confused so far away from you i'm getting there i don't care where i have to roam  refrain why do you do what you do to me yeah why won't you answer me answer me yeah why do you do what you do to me yeah why won't you answer me answer me yeah   i am in misery there ain't nobody who can comfort me oh yeah why won't you answer me the silence is slowly killing me oh yeah  post girl you really got me bad you really got me bad now i'm gonna get you back i'm gonna get you back   girl you really got me bad you really got me bad now i'm gonna get you back i'm gonna get you back girl you really got me bad you really got me bad now i'm gonna get you back i'm gonna get you back girl you really got me bad you really got me bad now i'm gonna get you back i'm gonna get you back,Sad
44,Maroon 5,Moves Like Jagger (Remix),,2011,21/06/2011,mac miller uh uh   mac miller there's somethin' about my ego tell her back up tim tebow got tivo up in the ride i'm leanin' back and my seat low you need hoes i just sex 'em bend the ass like beckham undress 'em respect 'em just for the night then after that i forget them neglectin' i'm sorry girl turn the house into a party world probably gonna get herself played atari no time for tears if you cryin' call maury got girls by the army feelin' kinda horny love it when i'm on a benny blanc beat talk cheap but i spend big 'cause i   adam levine just shoot for the stars if it feels right then aim for my heart if you feel like and take me away and make it okay i swear i'll behave you wanted control so we waited i put on a show now i'm naked you say i'm a kid my ego is big i don't give a shit and it goes like this uh   adam levine take me by the tongue and i'll know you uh kiss me 'til you're drunk and i'll show you all them moves like jagger i've got them moves like jagger i've got them moves like jagger uh i don't need to try to control you uh look into my eyes and i'll own you with them them moves like jagger i've got them moves like jagger i've got them moves like jagger   adam levine maybe it's hard when you feel like you're broken and scarred nothing feels right but when you're with me i'll make you believe that i've got the key oh so get in the car we can ride it wherever you want get inside it and you wanna steer but i'm shifting gears i'll take it from here oh yeah yeah and it goes like this uh   adam levine  christina aguilera take me by the tongue and i'll know you uh kiss me 'til you're drunk and i'll show you all them moves like jagger i've got them moves like jagger i've got them moves like jagger woo uh i don't need to try to control you oh yeah look into my eyes and i'll own you with them them moves like jagger i've got them moves like jagger yeah yeah yeah i've got them moves like jagger  4 mac miller i'm a rich bastard mick jagger say i got them moves always rollin' stone girls call my phone let it ring i'm way too cool get a little bit of dome when i'm in arenas messin' with these hoes who be so eager but no need to tease her i'ma go with christina uh   christina aguilera  adam levine so watch and learn i won't show you twice head to toe ooh baby rub me right and if i share my secret you're gonna have to keep it nobody else can see this hey hey hey yeah and it goes like this uh   adam levine  christina aguilera take me by the tongue and i'll know you take me by the tongue kiss me 'til you're drunk and i'll show you yeah yeah you want them moves like jagger i've got them moves like jagger i've got them moves like jagger oh yeah i don't need to try to control you ooh look into my eyes and i'll own you ooh with them moves like jagger i've got them moves like jagger i've got them moves like jagger,Happy
